dataset,c,d,abc_risk,tnd_gibbs,tnd_tandem,tnd_disagreement,tnd_KL,tnd_tnd,tnd_TandemUB,tnd_bern,mu_MU,mu_muTandemUB,mu_bern,mu_bmu,bern_bern,bern_mutandem_risk,bern_vartandem_risk,bern_KL,bern_varUB,bern_bernTandemUB,bern_bmu,bern_bg,bern_bl
SVMGuide1,2.0,4.0,0.02891,0.10795,0.039,0.13791,1.06858,0.22899,0.05725,0.24402,0.22839,0.07652,0.24708,-0.07875,0.24547,0.03884,0.03632,1.26751,0.05713,0.06137,0.0,0.37943,0.42448
Phishing,2.0,68.0,0.06581,0.18963,0.0733,0.23265,0.82085,0.36656,0.09164,0.37553,0.36827,0.13152,0.38429,-0.0975,0.37228,0.05933,0.05606,0.89478,0.07362,0.07874,0.04,0.27681,0.28626
Mushroom,2.0,22.0,0.0,0.11194,0.03673,0.1504,1.11043,0.21352,0.05338,0.22577,0.21503,0.07109,0.23258,-0.075,0.22313,0.02954,0.02913,1.17559,0.04579,0.04823,0.035,0.39335,0.42502
Splice,2.0,60.0,0.05197,0.29822,0.11768,0.3611,1.06092,0.64214,0.16053,0.67934,0.60798,0.39287,0.70114,-0.30375,0.6923,0.16477,0.124,1.62198,0.19101,0.22788,-0.07375,0.31847,0.40666
w1a,2.0,300.0,0.02809,0.05498,0.02506,0.05982,0.7903,0.1216,0.0304,0.12319,0.12051,0.03579,0.12598,-0.045,0.1242,0.02772,0.02714,1.22434,0.03351,0.03409,-0.02375,0.20425,0.22715
Cod-RNA,2.0,8.0,0.0636,0.31962,0.13359,0.37206,1.25248,0.57707,0.14427,0.57629,0.57713,0.13858,0.5763,0.01,0.50908,0.0327,0.05108,0.88106,0.05653,0.03992,0.22,0.14707,0.11771
Adult,2.0,123.0,0.15937,0.26457,0.1219,0.28535,1.02696,0.54171,0.13543,0.54398,0.53836,0.19059,0.54547,-0.095,0.54445,0.1212,0.10031,1.14832,0.11401,0.13544,0.00125,0.1406,0.14526
Connect-4,3.0,126.0,0.24956,0.40901,0.23841,0.3866,1.32545,0.99861,0.24965,0.99924,0.8614,0.8614,1.0,-0.5,0.88868,0.86125,0.7115,1.99936,0.76501,0.88868,-0.5,0.04083,0.08305
Shuttle,7.0,9.0,0.01987,0.16919,0.07107,0.19732,2.50799,0.32101,0.08025,0.32188,0.32216,0.09679,0.32628,-0.0475,0.30448,0.03071,0.03385,2.27316,0.03956,0.03767,0.14875,0.19009,0.16902
