dataset,ada,lam,tnd,mu,bern
SVMGuide1,0.05047,0.18448,0.23583,0.23627,0.26168
Phishing,0.08682,0.2574,0.37301,0.3742,0.38929
Mushroom,0.00347,0.11817,0.22153,0.22243,0.2464
Splice,0.0959,0.53827,0.67121,0.63535,0.73974
w1a,0.03418,0.06565,0.12415,0.12303,0.12879
Cod-RNA,0.07504,0.45501,0.58066,0.58234,0.52483
Adult,0.17591,0.46795,0.54684,0.54291,0.55472
Connect-4,0.29184,0.69916,1.0,0.87521,0.90729
Shuttle,0.02043,0.27805,0.33198,0.33316,0.32348
