dataset,ada,lam,tnd,mu,bern
SVMGuide1,0.048,0.18753,0.23968,0.24005,0.26455
Phishing,0.08453,0.25665,0.37289,0.37383,0.39103
Mushroom,0.00347,0.11898,0.22326,0.22403,0.24653
Splice,0.09389,0.53777,0.66975,0.6339,0.73698
w1a,0.03531,0.06594,0.12561,0.12444,0.12941
Cod-RNA,0.07689,0.45649,0.58007,0.58136,0.52392
Adult,0.17414,0.4713,0.54946,0.54534,0.55558
Connect-4,0.29024,0.70095,1.0,0.8806,0.91041
Shuttle,0.02732,0.27925,0.33252,0.33357,0.32385
