dataset,ada,lam,tnd,mu,bern
SVMGuide1,0.04288,0.17973,0.20652,0.2134,0.24447
Phishing,0.08165,0.25931,0.34732,0.35737,0.37394
Mushroom,0.00238,0.11529,0.19252,0.20035,0.22292
Splice,0.09585,0.52784,0.59763,0.60559,0.69679
w1a,0.03333,0.0635,0.11348,0.11345,0.12231
Cod-RNA,0.07484,0.45556,0.56427,0.56238,0.50716
Adult,0.17235,0.46294,0.52246,0.52562,0.54046
Connect-4,0.28755,0.69966,1.0,0.87481,0.90192
Shuttle,0.02664,0.27536,0.30728,0.31053,0.30082
