dataset,ada,lam,tnd,mu,bern
SVMGuide1,0.04301,0.18711,0.2366,0.23605,0.26453
Phishing,0.07868,0.25869,0.37589,0.37634,0.39456
Mushroom,0.00245,0.12076,0.22661,0.22717,0.25179
Splice,0.10272,0.54232,0.68415,0.64935,0.75539
Adult,0.16967,0.47021,0.55028,0.55427,1.0
