dataset,c,d,tnd_KL,tnd_gibbs,tnd_tandem,tnd_tnd,tnd_TandemUB,mu_KL,mu_MU,mu_muTandemUB,mu_bmu,bern_KL,bern_bern,bern_mutandem_risk,bern_vartandem_risk,bern_varUB,bern_bernTandemUB,bern_bmu,bern_bg,bern_bl
SVMGuide1,2.0,4.0,1.1331,0.10614,0.03681,0.2366,0.05915,1.49157,0.23605,0.0819,-0.089,1.26955,0.26453,0.03904,0.03611,0.06328,0.06828,-0.008,0.42742,0.49495
Phishing,2.0,68.0,1.01255,0.18674,0.07122,0.37589,0.09397,1.40857,0.37634,0.14191,-0.114,0.90724,0.39456,0.06825,0.0615,0.08527,0.09397,0.012,0.30863,0.3325
Mushroom,2.0,22.0,1.31845,0.1105,0.03571,0.22661,0.05665,1.61059,0.22717,0.08016,-0.094,1.2465,0.25179,0.03699,0.03374,0.05751,0.06295,0.0,0.42146,0.47822
Splice,2.0,60.0,1.11055,0.30033,0.11784,0.68415,0.17104,2.16033,0.64935,0.64935,-0.5,1.64049,0.75539,0.24716,0.17388,0.29308,0.34354,-0.174,0.30686,0.4674
w1a,2.0,300.0,0.71901,0.05518,0.02497,0.12587,0.03147,0.91661,0.12462,0.03701,-0.045,1.15148,0.12963,0.02706,0.02642,0.03414,0.03492,-0.019,0.24181,0.26966
Cod-RNA,2.0,8.0,1.36236,0.31867,0.13232,0.58171,0.14543,1.4362,0.58332,0.14583,0.0,0.87354,0.52793,0.03842,0.05264,0.05965,0.04751,0.2,0.17313,0.14317
Adult,2.0,123.0,1.16124,0.26358,0.12089,0.55028,0.13757,1.47126,0.54592,0.19982,-0.105,1.16733,0.55742,0.13175,0.10767,0.12598,0.15015,-0.019,0.16167,0.17513
Connect-4,3.0,126.0,1.48702,0.41154,0.2414,1.0,0.25,2.8614,0.8728,1.0,-0.7435,2.06053,0.90273,1.0,1.0,1.0,1.0,-0.868,0.03587,0.09966
Shuttle,7.0,9.0,2.58141,0.16673,0.06849,0.31847,0.07962,2.68792,0.32001,0.09247,-0.037,2.29883,0.30815,0.03305,0.03619,0.04369,0.04204,0.131,0.2188,0.20044
