dataset,c,d,tnd_gibbs,tnd_tandem,tnd_KL,tnd_tnd,tnd_TandemUB,tnd_bern,mu_MU,mu_muTandemUB,mu_bern,mu_bmu,bern_bern,bern_mutandem_risk,bern_vartandem_risk,bern_KL,bern_varUB,bern_bernTandemUB,bern_bmu,bern_bg,bern_bl
SVMGuide1,2.0,4.0,0.10659,0.03735,0.81116,0.23583,0.05896,0.25782,0.23627,0.08225,0.26184,-0.09,0.26168,0.03974,0.03671,0.83485,0.06254,0.06753,-0.008,0.4184,0.48252
Phishing,2.0,68.0,0.18633,0.07112,0.77628,0.37301,0.09325,0.38698,0.3742,0.14016,0.39892,-0.112,0.38929,0.06634,0.06022,0.58792,0.08272,0.09082,0.017,0.30659,0.328
Mushroom,2.0,22.0,0.10881,0.03509,1.10447,0.22153,0.05538,0.24074,0.22243,0.07795,0.25101,-0.092,0.2464,0.03564,0.03278,1.03688,0.05557,0.06063,0.004,0.42249,0.47713
Splice,2.0,60.0,0.29815,0.11656,0.83477,0.67121,0.1678,0.72596,0.63535,0.53374,0.76651,-0.413,0.73974,0.23693,0.16786,1.16765,0.27692,0.32645,-0.164,0.30641,0.45823
w1a,2.0,300.0,0.05456,0.02456,0.76586,0.12415,0.03104,0.12675,0.12303,0.03654,0.12955,-0.045,0.12879,0.02624,0.02544,0.92412,0.03274,0.03376,-0.012,0.24335,0.26745
Cod-RNA,2.0,8.0,0.31867,0.13258,0.92774,0.58066,0.14517,0.58045,0.58234,0.14559,0.58046,0.0,0.52483,0.03854,0.05249,0.49414,0.05919,0.04723,0.2,0.1695,0.13993
Adult,2.0,123.0,0.26268,0.12041,0.94893,0.54684,0.13671,0.55085,0.54291,0.19743,0.55267,-0.103,0.55472,0.13387,0.1089,0.85069,0.12683,0.15176,-0.023,0.15796,0.17216
Connect-4,3.0,126.0,0.41125,0.24035,1.53325,1.0,0.25,1.0,0.87521,0.87521,1.0,-0.5,0.90729,0.87417,0.70211,1.80601,0.76651,0.90729,-0.5,0.04899,0.10011
Shuttle,7.0,9.0,0.17057,0.07228,1.82397,0.33198,0.083,0.33352,0.33316,0.10635,0.34008,-0.065,0.32348,0.03837,0.03735,1.62505,0.04461,0.04696,0.119,0.20854,0.19312
