dataset,c,d,tnd_gibbs,tnd_tandem,tnd_KL,tnd_tnd,tnd_TandemUB,tnd_bern,mu_MU,mu_muTandemUB,mu_bern,mu_bmu,bern_bern,bern_mutandem_risk,bern_vartandem_risk,bern_KL,bern_varUB,bern_bernTandemUB,bern_bmu,bern_bg,bern_bl
SVMGuide1,2.0,4.0,0.10878,0.03911,0.929,0.20652,0.05163,0.24301,0.2134,0.07106,0.24584,-0.077,0.24447,0.0387,0.03618,1.15387,0.05665,0.06087,0.001,0.37826,0.42241
Phishing,2.0,68.0,0.19075,0.07392,0.75592,0.34732,0.08683,0.37765,0.35737,0.12652,0.38598,-0.095,0.37394,0.05955,0.05636,0.79259,0.07373,0.07878,0.041,0.2749,0.28371
Mushroom,2.0,22.0,0.1106,0.03658,1.09796,0.19252,0.04813,0.22504,0.20035,0.06716,0.23261,-0.079,0.22292,0.02948,0.02915,1.18792,0.04583,0.0482,0.035,0.39346,0.42515
Splice,2.0,60.0,0.3008,0.1193,1.00493,0.59763,0.14941,0.68526,0.60559,0.39935,0.70886,-0.312,0.69679,0.16857,0.12657,1.5124,0.19362,0.23142,-0.076,0.31484,0.40283
w1a,2.0,300.0,0.05402,0.02466,0.71799,0.11348,0.02837,0.12121,0.11345,0.03346,0.1239,-0.043,0.12231,0.02622,0.02553,1.26685,0.03164,0.03244,-0.015,0.21038,0.23031
Cod-RNA,2.0,8.0,0.32005,0.13351,1.1601,0.56427,0.14107,0.57556,0.56238,0.13339,0.57559,0.013,0.50716,0.0332,0.0508,0.79062,0.0562,0.04033,0.218,0.14661,0.11763
Adult,2.0,123.0,0.26241,0.12109,0.92806,0.52246,0.13061,0.54,0.52562,0.18485,0.54136,-0.093,0.54046,0.12052,0.09975,1.04717,0.11327,0.13457,0.001,0.14014,0.14478
Connect-4,3.0,126.0,0.41367,0.2426,1.34956,1.0,0.25,1.0,0.87481,0.87481,1.0,-0.5,0.90192,0.87488,0.69769,1.93746,0.75042,0.90192,-0.5,0.04107,0.08355
Shuttle,7.0,9.0,0.16804,0.07039,2.41584,0.30728,0.07682,0.3187,0.31053,0.09225,0.32254,-0.044,0.30082,0.03036,0.0341,2.13485,0.03976,0.03727,0.149,0.18826,0.16721
