dataset,c,d,tnd_gibbs,tnd_tandem,tnd_KL,tnd_tnd,tnd_TandemUB,tnd_bern,mu_MU,mu_muTandemUB,mu_bern,mu_bmu,bern_bern,bern_mutandem_risk,bern_vartandem_risk,bern_KL,bern_varUB,bern_bernTandemUB,bern_bmu,bern_bg,bern_bl
SVMGuide1,2.0,4.0,0.10844,0.03828,0.7433,0.23968,0.05992,0.26142,0.24005,0.08356,0.26536,-0.09,0.26455,0.04101,0.03767,0.83152,0.06392,0.06909,-0.011,0.41415,0.48016
Phishing,2.0,68.0,0.18635,0.07098,0.82668,0.37289,0.09322,0.38696,0.37383,0.1391,0.39866,-0.11,0.39103,0.067,0.0607,0.5995,0.08334,0.0916,0.016,0.30579,0.32744
Mushroom,2.0,22.0,0.1093,0.03565,0.99885,0.22326,0.05582,0.24214,0.22403,0.07878,0.25233,-0.093,0.24653,0.03572,0.03287,1.00757,0.0556,0.06064,0.004,0.42158,0.47594
Splice,2.0,60.0,0.29691,0.11613,0.85643,0.66975,0.16744,0.72453,0.6339,0.53318,0.76418,-0.413,0.73698,0.22893,0.16265,1.16431,0.26867,0.31714,-0.156,0.3105,0.45915
w1a,2.0,300.0,0.0552,0.02502,0.54607,0.12561,0.0314,0.12809,0.12444,0.03696,0.13097,-0.045,0.12941,0.02679,0.02605,1.00446,0.03355,0.03446,-0.016,0.24172,0.26777
Cod-RNA,2.0,8.0,0.31881,0.1324,0.96328,0.58007,0.14501,0.57987,0.58136,0.14361,0.57987,0.003,0.52392,0.03847,0.05252,0.47751,0.0592,0.04715,0.2,0.1693,0.13975
Adult,2.0,123.0,0.26345,0.12117,0.86116,0.54946,0.13737,0.5534,0.54534,0.19961,0.55523,-0.105,0.55558,0.13295,0.10833,0.86639,0.12618,0.15082,-0.021,0.15852,0.17213
Connect-4,3.0,126.0,0.41494,0.24301,1.25313,1.0,0.25,1.0,0.8806,0.8806,1.0,-0.5,0.91041,0.87707,0.71339,1.79269,0.7782,0.91041,-0.5,0.0486,0.0993
Shuttle,7.0,9.0,0.17077,0.07242,1.80957,0.33252,0.08313,0.33405,0.33357,0.10574,0.34057,-0.063,0.32385,0.03864,0.03753,1.62815,0.04482,0.04726,0.118,0.2081,0.19293
